Unnamed: 0,andriusp,boris,desiveri,henrikek,idarhan,juanms,larsfrog,matsc,mikolajs,oysteinhf,petrako,piyali,souvikb,thoreem,tiago,vh,viggoh
2020-04-27 21:36:45.888127,0.0,24565.62,1460341.23,0.0,0.0,0.0,1252271.5,2614252.09,733.87,20154.31,0.0,0.0,0.0,15712.59,0.0,0.0,957448.76
2020-04-27 21:37:38.680109,0.0,24565.62,1460341.23,0.0,0.0,0.0,1252271.5,2614252.09,733.87,20154.31,0.0,0.0,0.0,15712.59,0.0,0.0,957448.76
2020-04-27 22:42:22.075198,0.0,24565.62,1460341.23,0.0,0.0,0.0,1252271.5,2619921.64,733.87,20154.31,0.0,0.0,0.0,15712.59,0.0,0.0,957448.76
2020-04-27 23:00:44.184143,0.0,24565.62,1460341.23,0.0,0.0,0.0,1252271.5,2619921.64,733.87,20154.31,0.0,0.0,0.0,15712.59,0.0,0.0,957448.76
2020-04-27 23:16:43.353061,0.0,24565.62,1460341.23,0.0,0.0,0.0,1252271.5,2619921.64,733.87,20154.31,0.0,0.0,0.0,15712.59,0.0,0.0,957448.76
2020-04-28 00:00:02.129032,0.0,24565.62,1460341.23,0.0,0.0,0.0,1252271.5,2625585.49,733.87,20154.31,0.0,0.0,0.0,15712.59,0.0,0.0,957448.76
2020-04-28 05:00:06.762119,0.0,24565.62,1460341.23,0.0,0.0,0.0,1253474.13,2631247.08,11033.03,20154.31,0.0,0.0,0.0,15712.59,0.0,0.0,957448.76
2020-04-28 10:00:06.061244,0.0,24565.62,1460341.23,0.0,0.0,0.0,1253474.13,2702110.15,11033.03,20154.31,0.0,0.0,0.0,15712.59,0.0,0.0,957448.76
2020-04-28 15:00:09.750713,0.0,24565.62,1475705.17,0.0,0.0,0.0,1255441.35,2726200.32,11033.03,20154.31,0.0,0.0,0.0,15712.59,0.0,0.0,957448.76
2020-04-28 20:00:08.266700,0.0,24565.62,1475705.17,0.0,0.0,0.0,1255441.35,2731605.9,11033.03,20154.31,0.0,0.0,0.0,15712.59,0.0,0.0,957448.76
2020-04-29 00:00:05.903411,0.0,24574.42,1475705.17,0.0,0.0,0.0,1255441.35,2780867.13,11033.03,20154.31,0.0,0.0,0.0,15712.59,0.0,0.0,957448.76
2020-04-29 05:00:10.242267,0.0,24599.59,1475705.17,0.0,0.0,0.0,1255441.35,2829710.79,11033.03,20154.31,0.0,0.0,0.0,15712.59,0.0,0.0,957448.76
2020-04-29 10:00:07.427413,0.0,24599.59,1475705.17,0.0,0.0,0.0,1255441.35,2855134.44,11033.03,20154.31,0.0,0.0,0.0,15712.59,0.0,0.0,957448.76
2020-04-29 15:00:06.503897,0.0,33019.5,1475705.17,0.0,0.0,0.0,1255441.35,2855134.44,17683.34,20154.31,0.0,0.0,0.0,15712.59,0.0,0.0,957448.76
2020-04-29 20:00:03.749642,0.0,41129.86,1475705.17,0.0,0.0,0.0,1255441.35,2855134.44,17683.34,20154.31,0.0,0.0,0.0,15712.59,0.0,0.0,957448.76
2020-04-30 00:00:05.399889,0.0,52144.73,1475705.17,0.0,0.0,0.0,1255441.35,2855134.44,17683.34,20154.31,0.0,0.0,0.0,15712.59,0.0,0.0,957476.07
2020-04-30 05:00:07.363823,0.0,52144.73,1588210.92,0.0,0.0,0.0,1255441.35,2855134.44,17683.34,20154.31,0.0,0.0,0.0,15712.59,0.0,0.0,957476.07
2020-04-30 10:00:03.108944,0.0,52144.73,1588210.92,0.0,0.0,0.0,1255441.35,2855134.44,17683.34,20154.31,0.0,0.0,0.0,15712.59,0.0,0.0,957476.07
2020-04-30 15:00:06.474154,0.0,52144.73,1588210.92,0.0,0.0,0.0,1255441.35,2855134.44,17683.34,20154.31,0.0,0.0,0.0,15712.59,0.0,0.0,957476.07
2020-04-30 20:00:06.593060,0.0,52625.37,1588210.92,0.0,0.0,0.0,1255441.35,2855134.44,17692.44,20154.31,0.0,0.0,0.0,15712.59,0.0,0.0,1203606.31
2020-05-01 00:00:03.090412,0.0,57622.99,1588210.92,0.0,0.0,0.0,1255441.35,2855134.44,24984.46,20154.31,0.0,0.0,0.0,15712.59,0.0,0.0,1205834.99
2020-05-01 05:00:06.176415,0.0,57622.99,1588210.92,0.0,0.0,0.0,1255441.35,2855134.44,24984.46,59998.72,0.0,0.0,0.0,15712.59,0.0,0.0,1205834.99
2020-05-01 10:00:05.043187,0.0,85161.93,1588210.92,0.0,0.0,0.0,1255441.35,2855134.44,24984.46,59998.72,0.0,0.0,0.0,15712.59,0.0,0.0,1205834.99
2020-05-01 15:00:06.361165,0.0,85161.93,1588210.92,0.0,0.0,0.0,1255441.35,2855134.44,24984.46,59998.72,0.0,0.0,0.0,15712.59,0.0,0.0,1205834.99
2020-05-01 20:00:05.965292,0.0,118445.35,1588210.92,0.0,0.0,0.0,1255441.35,2855134.44,24984.46,59998.72,0.0,0.0,0.0,15712.59,0.0,0.0,1221733.93
2020-05-02 00:00:05.088529,0.0,123886.45,1588210.92,0.0,0.0,0.0,1255441.35,2855134.44,24984.46,59998.72,0.0,0.0,0.0,15712.59,0.0,0.0,1221733.93
2020-05-02 05:00:04.529401,0.0,123886.45,1784897.42,0.0,0.0,0.0,1255441.35,2855134.44,24984.46,59998.72,0.0,0.0,0.0,15712.59,0.0,0.0,1221733.93
2020-05-02 10:00:06.146013,0.0,147561.26,1784897.42,0.0,0.0,0.0,1255441.35,2855134.44,24984.46,59998.72,0.0,0.0,0.0,15712.59,0.0,0.0,1278711.37
2020-05-02 15:00:04.678844,0.0,147561.26,1821768.32,0.0,0.0,0.0,1255441.35,2855134.44,24984.46,59998.72,0.0,0.0,0.0,15712.59,0.0,0.0,1303055.27
2020-05-02 20:00:08.405033,0.0,147561.26,1834518.22,0.0,0.0,0.0,1331153.64,2855134.44,24984.46,59998.72,0.0,0.0,0.0,15712.59,0.0,0.0,1303055.27
2020-05-03 00:00:05.446007,0.0,147561.26,1834518.22,0.0,0.0,0.0,1331153.64,2855134.44,24984.46,59998.72,0.0,0.0,0.0,15712.59,0.0,0.0,1303056.03
2020-05-03 05:00:06.162971,0.0,147561.26,1834518.22,0.0,0.0,0.0,1331153.64,2903830.19,24998.12,59998.72,0.0,0.0,0.0,15712.59,0.0,0.0,1303056.03
2020-05-03 10:00:04.669240,0.0,199939.83,1834518.22,0.0,0.0,0.0,1331153.64,2903830.19,24998.12,59998.72,0.0,0.0,0.0,15712.59,0.0,0.0,1303056.03
2020-05-03 15:00:04.830718,0.0,214124.55,1834518.22,0.0,0.0,0.0,1331153.64,2977153.14,24998.12,59998.72,0.0,0.0,0.0,15712.59,0.0,0.0,1303056.03
2020-05-03 20:00:05.283405,0.0,230699.04,1834518.22,0.0,0.0,0.0,1331153.64,2977153.14,24998.12,59998.72,0.0,0.0,0.0,15712.59,0.0,0.0,1303056.03
2020-05-04 00:00:03.495195,0.0,244152.32,1834518.22,0.0,0.0,0.0,1331153.64,2977153.14,24998.12,59998.72,0.0,0.0,0.0,15712.59,0.0,0.0,1303056.03
2020-05-04 05:00:05.030293,0.0,244152.32,1834518.22,0.0,0.0,0.0,1331153.64,3025880.75,24998.12,59998.72,0.0,0.0,0.0,15712.59,0.0,0.0,1303056.03
2020-05-04 10:00:03.850664,0.0,280090.84,1834518.22,0.0,0.0,0.0,1331153.64,3025880.75,24998.12,59998.72,0.0,0.0,0.0,15712.59,0.0,0.0,1303056.03
2020-05-04 15:00:04.475214,0.0,291806.19,1834518.22,0.0,0.0,0.0,1332415.43,3074575.36,25009.49,59998.72,0.0,0.0,0.0,15712.59,0.0,0.0,1303056.03
2020-05-04 20:00:05.874849,0.0,299681.28,1834518.22,0.0,0.0,0.0,1332415.43,3074575.36,25009.49,59998.72,0.0,0.0,0.0,15712.59,0.0,0.0,1303056.03
2020-05-05 00:00:07.275355,0.0,299681.28,1834518.22,0.0,0.0,0.0,1332415.43,3074575.36,25009.49,59998.72,0.0,0.0,0.0,15712.59,0.0,0.0,1346859.89
2020-05-05 05:00:05.464347,0.0,326626.76,1834518.22,0.0,0.0,0.0,1333841.07,3123307.52,25009.49,59998.72,0.0,0.0,0.0,15712.59,0.0,0.0,1346859.89
2020-05-05 10:00:05.168976,0.0,343809.75,1834518.22,0.0,0.0,0.0,1333841.07,3123307.52,25009.49,59998.72,0.0,0.0,0.0,15712.59,0.0,0.0,1346859.89
2020-05-05 15:00:04.866793,0.0,343809.75,1834518.22,0.0,0.0,0.0,1333841.07,3172002.13,25009.49,59998.72,0.0,0.0,0.0,15712.59,0.0,0.0,1346859.89
2020-05-05 20:00:04.045832,0.0,365935.9,1834650.2,0.0,0.0,0.0,1333841.07,3172002.13,36080.07,59998.72,0.0,0.0,0.0,15712.59,0.0,0.0,1346859.89
2020-05-06 00:00:18.335492,0.0,365935.9,1834650.2,0.0,0.0,0.0,1333841.07,3172002.13,36080.07,59998.72,0.0,0.0,0.0,15712.59,0.0,0.0,1346859.89
2020-05-06 05:00:24.043431,0.0,365935.9,1834650.2,0.0,0.0,0.0,1333841.07,3220143.79,36080.07,59998.72,0.0,0.0,0.0,15712.59,0.0,0.0,1346859.89
2020-05-06 10:00:20.488375,0.0,365935.9,1834650.2,0.0,0.0,0.0,1333841.07,3282983.25,36694.47,59998.72,0.0,0.0,0.0,15712.59,0.0,0.0,1346859.89
2020-05-06 15:00:04.234313,0.0,365935.9,1834650.2,0.0,0.0,0.0,1333841.07,3282983.25,36694.47,59998.72,0.0,0.0,0.0,15712.59,0.0,0.0,1346859.89
2020-05-06 20:00:04.474740,0.0,389172.91,1834650.2,0.0,0.0,0.0,1333841.07,3282983.25,36694.47,59998.72,0.0,0.0,0.0,15712.59,0.0,0.0,1346859.89
2020-05-07 00:00:02.982464,0.0,389172.91,1834650.2,0.0,0.0,0.0,1333841.07,3282983.25,36694.47,59998.72,0.0,0.0,0.0,15712.59,0.0,0.0,1346859.89
2020-05-07 05:00:04.523507,0.0,412753.96,1834650.2,0.0,0.0,0.0,1333841.07,3282983.25,36694.47,59998.72,0.0,0.0,0.0,15712.59,0.0,0.0,1346859.89
2020-05-07 10:00:04.771177,0.0,412753.96,1834650.2,0.0,0.0,0.0,1333841.07,3282983.25,36694.47,59998.72,0.0,0.0,0.0,15712.59,0.0,0.0,1346859.89
2020-05-07 15:00:05.106054,0.0,412753.96,1834650.2,0.0,0.0,0.0,1333841.07,3282983.25,36694.47,59998.72,0.0,0.0,0.0,15712.59,0.0,0.0,1512803.09
2020-05-07 20:00:04.267618,0.0,441422.35,1850011.77,0.0,0.0,0.0,1333841.07,3282983.25,36694.47,59998.72,0.0,0.0,0.0,15712.59,0.0,0.0,1512803.09
2020-05-08 00:00:02.359026,0.0,441422.35,1850011.77,0.0,0.0,0.0,1333841.07,3282983.25,36694.47,59998.72,0.0,0.0,0.0,15712.59,0.0,0.0,1547092.01
2020-05-08 10:00:05.906132,0.0,441422.35,1883034.7,0.0,0.0,0.0,1333841.07,3331091.91,36694.47,59998.72,0.0,0.0,0.0,15712.59,0.0,0.0,1547092.01
2020-05-08 15:00:06.654252,0.0,441422.35,1883034.7,0.0,0.0,0.0,1333841.07,3331091.91,36694.47,59998.72,0.0,0.0,0.0,15712.59,0.0,0.0,1547092.01
2020-05-08 20:00:04.234604,0.0,441422.35,1883034.7,0.0,0.0,0.0,1333841.07,3331091.91,36694.47,59998.72,0.0,0.0,0.0,15712.59,0.0,0.0,1547092.01
2020-05-09 00:00:04.277832,0.0,441422.35,1883034.7,0.0,0.0,0.0,1333841.07,3331091.91,36694.47,59998.72,0.0,0.0,0.0,15712.59,0.0,0.0,1547092.01
2020-05-09 05:00:04.155751,0.0,441422.35,1883034.7,0.0,0.0,0.0,1333841.07,3331091.91,36694.47,59998.72,0.0,0.0,0.0,15712.59,0.0,0.0,1547092.01
2020-05-09 10:00:04.055521,0.0,441478.45,1883034.7,0.0,0.0,0.0,1432237.23,3331108.98,36694.47,59998.72,0.0,0.0,0.0,15712.59,0.0,0.0,1547092.01
2020-05-09 15:00:04.898012,0.0,441478.45,1883034.7,0.0,0.0,0.0,1432237.23,3331108.98,36694.47,59998.72,0.0,0.0,0.0,15712.59,0.0,0.0,1547092.01
2020-05-09 20:00:03.975208,0.0,441478.45,1883034.7,0.0,0.0,0.0,1432237.23,3331108.98,36694.47,59998.72,0.0,0.0,0.0,15712.59,0.0,0.0,1737875.44
2020-05-10 00:00:03.650733,0.0,441478.45,1883034.7,0.0,0.0,0.0,1432237.23,3379123.2,36694.47,59998.72,0.0,0.0,0.0,15712.59,0.0,0.0,1737875.44
2020-05-10 05:00:04.235320,0.0,441478.45,1883034.7,0.0,0.0,0.0,1432237.23,3379123.2,36694.47,59998.72,0.0,0.0,0.0,15712.59,0.0,0.0,1737875.44
2020-05-10 10:00:03.665052,0.0,467108.77,1883034.7,0.0,0.0,0.0,1432237.23,3434423.75,36694.47,59998.72,0.0,0.0,0.0,15712.59,0.0,0.0,1737875.44
2020-05-10 15:00:05.246869,0.0,468272.72,1883034.7,0.0,0.0,0.0,1432237.23,3434423.75,36694.47,59998.72,0.0,0.0,0.0,15712.59,0.0,0.0,1737875.44
2020-05-10 20:00:05.816198,0.0,468272.72,1899946.2,0.0,0.0,0.0,1432237.23,3434423.75,36694.47,59998.72,0.0,0.0,0.0,15712.59,0.0,0.0,1737875.44
2020-05-11 00:00:05.228170,0.0,468272.72,1899946.2,0.0,0.0,0.0,1432237.23,3434423.75,36694.47,59998.72,0.0,0.0,0.0,15712.59,0.0,0.0,1737875.44
2020-05-11 05:00:04.125166,0.0,468272.72,1899946.2,0.0,0.0,0.0,1432237.23,3434423.75,36694.47,59998.72,0.0,0.0,0.0,15712.59,0.0,0.0,1737875.44
2020-05-11 10:00:04.388976,0.0,468295.33,1899946.2,0.0,0.0,0.0,1432237.23,3729344.28,36694.47,59998.72,0.0,0.0,0.0,15712.59,0.0,0.0,1737875.44
2020-05-11 15:00:03.996080,0.0,468295.33,1899946.2,0.0,0.0,0.0,1432237.23,3729344.28,36694.47,59998.72,0.0,0.0,0.0,15712.59,0.0,0.0,1737875.44
2020-05-11 20:00:04.222744,0.0,468295.33,1899946.2,0.0,0.0,0.0,1432237.23,3729344.28,36694.47,59998.72,0.0,0.0,0.0,15712.59,0.0,0.0,1737875.44
2020-05-12 00:00:03.473742,0.0,468295.33,1899946.2,0.0,0.0,0.0,1432237.23,3729344.28,36694.47,59998.72,0.0,0.0,0.0,15712.59,0.0,0.0,1737875.44
2020-05-12 05:00:04.194054,0.0,468295.33,1899946.2,0.0,0.0,0.0,1432237.23,3729344.28,36694.47,59998.72,0.0,0.0,0.0,15712.59,0.0,0.0,1737875.44
2020-05-12 10:00:06.484557,0.0,468295.33,2096583.79,0.0,0.0,0.0,1432237.23,3734435.84,36694.47,59998.72,0.0,0.0,0.0,15712.59,0.0,0.0,1934516.44
2020-05-12 15:00:04.289715,0.0,487305.92,2096583.79,0.0,0.0,0.0,1433354.52,3734435.84,36694.47,59998.72,0.0,0.0,0.0,15712.59,0.0,0.0,1934516.44
2020-05-12 20:00:04.751013,0.0,487305.92,2111944.82,0.0,0.0,0.0,1433354.52,3782623.0,36694.47,59998.72,0.0,0.0,0.0,15712.59,0.0,0.0,1934516.44
2020-05-13 00:00:03.379469,0.0,487305.92,2111944.82,0.0,0.0,0.0,1433354.52,3782623.0,36694.47,59998.72,0.0,0.0,0.0,15712.59,0.0,0.0,1934516.44
2020-05-13 05:00:03.579503,0.0,487305.92,2111944.82,0.0,0.0,0.0,1433354.52,3831473.49,36694.47,59998.72,0.0,0.0,0.0,15712.59,0.0,0.0,1934516.44
2020-05-13 10:00:03.150893,0.0,487305.92,2127944.04,0.0,0.0,0.0,1433354.52,3831473.49,36694.47,59998.72,0.0,0.0,0.0,15712.59,0.0,0.0,1934516.44
2020-05-13 15:00:03.717775,0.0,487305.92,2127944.04,0.0,0.0,0.0,1433354.52,3831473.49,36694.47,59998.72,0.0,0.0,0.0,15712.59,0.0,0.0,1934516.44
2020-05-13 20:00:05.823457,0.0,487305.92,2127944.04,0.0,0.0,0.0,1433354.52,3846438.68,36694.47,59998.72,0.0,0.0,0.0,15712.59,0.0,0.0,2003824.17
2020-05-14 00:00:04.651324,0.0,487305.92,2127944.04,0.0,0.0,0.0,1433354.52,3846438.68,36694.47,59998.72,0.0,0.0,0.0,15712.59,0.0,0.0,2003824.17
2020-05-14 05:00:03.929613,0.0,508751.11,2127944.04,0.0,0.0,0.0,1433354.52,3846438.68,36694.47,59998.72,0.0,0.0,0.0,15712.59,0.0,0.0,2003824.17
2020-05-14 10:00:04.426495,0.0,508751.11,2127944.04,0.0,0.0,0.0,1433354.52,3846438.68,36694.47,59998.72,0.0,0.0,0.0,15712.59,0.0,0.0,2003824.17
2020-05-14 15:00:04.416059,0.0,508751.11,2127944.04,0.0,0.0,0.0,1433354.52,3894591.72,36694.47,59998.72,0.0,0.0,0.0,15712.59,0.0,0.0,2003824.17
2020-05-14 20:00:05.512637,0.0,508751.11,2324661.26,0.0,0.0,0.0,1433354.52,3894591.72,36694.47,59998.72,0.0,0.0,0.0,15712.59,0.0,0.0,2169754.89
2020-05-15 00:00:05.287855,0.0,508751.11,2324661.26,0.0,0.0,0.0,1433354.52,3943340.94,36694.47,59998.72,0.0,0.0,0.0,15712.59,0.0,0.0,2169754.89
2020-05-15 05:00:05.452489,0.0,508751.11,2324661.26,0.0,0.0,0.0,1433354.52,3943340.94,36694.47,59998.72,0.0,0.0,0.0,15712.59,0.0,0.0,2169754.89
2020-05-15 10:00:04.488553,0.0,508751.11,2324661.26,0.0,0.0,0.0,1433354.52,3943340.94,36694.47,59998.72,0.0,0.0,0.0,15712.59,0.0,0.0,2169754.89
2020-05-15 15:00:03.054763,0.0,508751.11,2324661.26,0.0,0.0,0.0,1433354.52,3991359.72,36694.47,59998.72,0.0,0.0,0.0,15712.59,0.0,0.0,2169754.89
2020-05-15 20:00:04.201476,0.0,508751.11,2324661.26,0.0,0.0,0.0,1433354.52,4009499.31,36694.47,59998.72,0.0,0.0,0.0,15712.59,0.0,0.0,2169754.89
2020-05-16 00:00:04.454131,0.0,508751.11,2324661.26,0.0,0.0,0.0,1433354.52,4009499.31,36694.47,59998.72,0.0,0.0,0.0,15712.59,0.0,0.0,2169754.89
2020-05-16 05:00:05.963092,0.0,508751.11,2324661.26,0.0,0.0,0.0,1433354.52,4009499.31,36694.47,59998.72,0.0,0.0,0.0,15712.59,0.0,0.0,2169754.89
2020-05-16 10:00:04.218150,0.0,508751.11,2324661.26,0.0,0.0,0.0,1433354.52,4009499.31,36694.47,59998.72,0.0,0.0,0.0,15712.59,0.0,0.0,2169754.89
2020-05-16 15:00:04.805594,0.0,508751.11,2324661.26,0.0,0.0,0.0,1433354.52,4009499.31,36694.47,59998.72,0.0,0.0,0.0,15712.59,0.0,0.0,2169754.89
2020-05-16 20:00:04.221388,0.0,508751.11,2324661.26,0.0,0.0,0.0,1433354.52,4009499.31,36694.47,59998.72,0.0,0.0,0.0,15712.59,0.0,0.0,2366476.67
2020-05-17 00:00:03.840863,0.0,508751.11,2324661.26,0.0,0.0,0.0,1433354.52,4009499.31,36694.47,59998.72,0.0,0.0,0.0,15712.59,0.0,0.0,2366476.67
2020-05-17 05:00:04.252881,0.0,533580.12,2324661.26,0.0,0.0,0.0,1433354.52,4009499.31,36694.47,59998.72,0.0,0.0,0.0,15712.59,0.0,0.0,2366476.67
2020-05-17 10:00:03.726674,0.0,533580.12,2324661.26,0.0,0.0,0.0,1433354.52,4009499.31,36694.47,59998.72,0.0,0.0,0.0,15712.59,0.0,0.0,2366476.67
2020-05-17 15:00:04.365428,0.0,533846.79,2324661.26,0.0,0.0,0.0,1433354.52,4009499.31,36694.47,59998.72,0.0,0.0,0.0,15712.59,0.0,0.0,2366476.67
2020-05-17 20:00:03.985687,0.0,533846.79,2536698.38,0.0,0.0,0.0,1433354.52,4009499.31,36694.47,59998.72,0.0,0.0,0.0,15712.59,0.0,0.0,2366476.67
2020-05-18 00:00:05.362727,0.0,533846.79,2536698.38,0.0,0.0,0.0,1433354.52,4009499.31,36694.47,59998.72,0.0,0.0,0.0,15712.59,0.0,0.0,2366476.67
2020-05-18 05:00:05.548225,0.0,533846.79,2536698.38,0.0,0.0,0.0,1433354.52,4009499.31,36694.47,59998.72,0.0,0.0,0.0,15712.59,0.0,0.0,2417302.34
2020-05-18 10:00:03.413508,0.0,533846.79,2536698.38,0.0,0.0,0.0,1433354.52,4009499.31,36694.47,59998.72,0.0,0.0,0.0,15712.59,0.0,0.0,2417302.34
2020-05-18 15:00:03.393956,0.0,549894.36,2536698.38,0.0,0.0,0.0,1433354.52,4009499.31,36694.47,59998.72,0.0,0.0,0.0,15712.59,0.0,0.0,2417302.34
2020-05-18 20:00:04.160066,0.0,549894.36,2536698.38,0.0,0.0,0.0,1433354.52,4009499.31,36694.47,59998.72,0.0,0.0,0.0,15712.59,0.0,0.0,2417302.34
2020-05-19 00:00:03.762850,0.0,549894.36,2536698.38,0.0,0.0,0.0,1433354.52,4009499.31,36694.47,59998.72,0.0,0.0,0.0,15712.59,0.0,0.0,2417302.34
2020-05-19 05:00:05.226102,0.0,551237.83,2536698.38,0.0,0.0,0.0,1433354.52,4205533.87,36694.47,59998.72,0.0,0.0,0.0,15712.59,0.0,0.0,2417302.34
2020-05-19 10:00:03.550152,0.0,551237.83,2573568.5,0.0,0.0,0.0,1433354.52,4205533.87,36694.47,59998.72,0.0,0.0,0.0,15712.59,0.0,0.0,2417302.34
2020-05-19 15:00:03.981260,0.0,551237.83,2573568.5,0.0,0.0,0.0,1433354.52,4205533.87,36694.47,59998.72,0.0,0.0,0.0,15712.59,0.0,0.0,2583218.18
2020-05-19 20:00:03.607111,0.0,551237.83,2573568.5,0.0,0.0,0.0,1433354.52,4207377.07,36694.47,59998.72,0.0,0.0,0.0,15712.59,0.0,0.0,2634316.92
2020-05-20 00:00:03.203002,0.0,551237.83,2573568.5,0.0,0.0,0.0,1433354.52,4207377.07,36694.47,59998.72,0.0,0.0,0.0,15712.59,0.0,0.0,2634316.92
2020-05-20 05:00:04.771435,0.0,551237.83,2770222.01,0.0,0.0,0.0,1433354.52,4207377.07,36694.47,59998.72,0.0,0.0,0.0,15712.59,0.0,0.0,2634316.92
2020-05-20 10:00:04.061513,0.0,551237.83,2770222.01,0.0,0.0,0.0,1433354.52,4207377.07,36694.47,59998.72,0.0,0.0,0.0,15712.59,0.0,0.0,2638667.78
2020-05-20 15:00:03.956943,0.0,551237.83,2770222.01,0.0,0.0,0.0,1433354.52,4226201.03,36694.47,59998.72,0.0,0.0,0.0,15712.59,0.0,0.0,2638667.78
2020-05-20 20:00:04.100169,0.0,551237.83,2770222.01,0.0,0.0,0.0,1433354.52,4226201.03,36694.47,59998.72,0.0,0.0,0.0,15712.59,0.0,0.0,2675479.44
2020-05-21 00:00:03.508778,0.0,551237.83,2770222.01,0.0,0.0,0.0,1433354.52,4226201.03,36694.47,59998.72,0.0,0.0,0.0,15712.59,0.0,0.0,2675479.44
2020-05-21 05:00:04.987995,0.0,551237.83,2770222.01,0.0,0.0,0.0,1433354.52,4226201.03,36694.47,59998.72,0.0,0.0,0.0,15712.59,0.0,0.0,2675487.41
2020-05-21 10:00:04.290245,0.0,551237.83,2770222.01,0.0,0.0,0.0,1433354.52,4226201.03,36694.47,59998.72,0.0,0.0,0.0,15712.59,0.0,0.0,2675487.41
2020-05-21 15:00:03.610193,0.0,551237.83,2770222.01,0.0,0.0,0.0,1433354.52,4226201.03,36694.47,59998.72,0.0,0.0,0.0,15712.59,0.0,0.0,2675487.41
2020-05-21 20:00:03.819933,0.0,551237.83,2770222.01,0.0,0.0,0.0,1433354.52,4422439.25,36694.47,59998.72,0.0,0.0,0.0,15712.59,0.0,0.0,2675487.41
2020-05-22 00:00:04.297344,0.0,551237.83,2770222.01,0.0,0.0,0.0,1433354.52,4422439.25,36694.47,59998.72,0.0,0.0,0.0,15712.59,0.0,0.0,2692678.09
2020-05-22 05:00:06.095360,0.0,551237.83,2770222.01,0.0,0.0,0.0,1433354.52,4422439.25,36694.47,59998.72,0.0,0.0,0.0,15712.59,0.0,0.0,2692678.09
2020-05-22 10:00:05.849395,0.0,551237.83,2770222.01,0.0,0.0,0.0,1433354.52,4422439.25,36694.47,59998.72,0.0,0.0,0.0,15712.59,0.0,0.0,2692678.09
2020-05-22 15:00:03.755232,0.0,551237.83,2770222.01,0.0,0.0,0.0,1433354.52,4422439.25,36694.47,59998.72,0.0,0.0,0.0,15712.59,0.0,0.0,2692678.09
2020-05-22 20:00:04.307535,0.0,551237.83,2982233.03,0.0,0.0,0.0,1433354.52,4422439.25,36694.47,59998.72,0.0,0.0,0.0,15712.59,0.0,0.0,2692692.88
2020-05-23 00:00:04.251089,0.0,551237.83,2982233.03,0.0,0.0,0.0,1433354.52,4422439.25,36694.47,59998.72,0.0,0.0,0.0,15712.59,0.0,0.0,2692692.88
2020-05-23 05:00:06.134135,0.0,551237.83,2982233.03,0.0,0.0,0.0,1433354.52,4422439.25,36694.47,59998.72,0.0,0.0,0.0,15712.59,0.0,0.0,2736232.23
2020-05-23 10:00:04.568285,0.0,551237.83,2982233.03,0.0,0.0,0.0,1433354.52,4422439.25,36694.47,59998.72,0.0,0.0,0.0,15712.59,0.0,0.0,2736232.23
2020-05-23 15:00:02.786366,0.0,551237.83,2982233.03,0.0,0.0,0.0,1433354.52,4422439.25,36694.47,59998.72,0.0,0.0,0.0,15712.59,0.0,0.0,2736232.23
2020-05-23 20:00:04.794799,0.0,551237.83,3036035.13,0.0,0.0,0.0,1433354.52,4686544.78,36694.47,59998.72,0.0,0.0,0.0,15712.59,0.0,0.0,2853038.31
2020-05-24 00:00:03.402318,0.0,551237.83,3036035.13,0.0,0.0,0.0,1433354.52,4686544.78,36694.47,59998.72,0.0,0.0,0.0,15712.59,0.0,0.0,2853038.31
2020-05-24 05:00:05.301432,0.0,556701.04,3036035.13,0.0,0.0,0.0,1433354.52,4686544.78,36694.47,59998.72,0.0,0.0,0.0,15712.59,0.0,0.0,2937683.28
2020-05-24 10:00:04.482480,0.0,557147.98,3036035.13,0.0,0.0,0.0,1433354.52,4686544.78,36694.47,59998.72,0.0,0.0,0.0,15712.59,0.0,0.0,2937683.28
2020-05-24 15:00:02.481319,0.0,557147.98,3036035.13,0.0,0.0,0.0,1433354.52,4686544.78,36694.47,59998.72,0.0,0.0,0.0,15712.59,0.0,0.0,2937683.28
2020-05-24 20:00:04.122831,0.0,557147.98,3036035.13,0.0,0.0,0.0,1433354.52,4686544.78,36694.47,59998.72,0.0,0.0,0.0,15712.59,0.0,0.0,2937683.28
2020-05-25 00:00:04.582125,0.0,557147.98,3036035.13,0.0,0.0,0.0,1433354.52,4686544.78,36694.47,59998.72,0.0,0.0,0.0,15712.59,0.0,0.0,2937683.28
2020-05-25 05:00:05.014300,0.0,557147.98,3036035.13,0.0,0.0,0.0,1433354.52,4686544.78,36694.47,59998.72,0.0,0.0,0.0,15712.59,0.0,0.0,2937683.28
2020-05-25 10:00:05.111265,0.0,557147.98,3036035.13,0.0,0.0,0.0,1433354.52,4686544.78,36694.47,59998.72,0.0,0.0,0.0,15712.59,0.0,0.0,2937683.28
2020-05-25 15:00:03.880485,0.0,557147.98,3072906.81,0.0,0.0,0.0,1433354.52,4686544.78,36694.47,59998.72,0.0,0.0,0.0,15712.59,0.0,0.0,2937683.28
2020-05-25 20:00:04.695377,0.0,557147.98,3072906.81,0.0,0.0,0.0,1433354.52,4882603.24,36694.47,59998.72,0.0,0.0,0.0,15712.59,0.0,0.0,2937683.28
2020-05-26 00:00:04.077964,0.0,557147.98,3072906.81,0.0,0.0,0.0,1433354.52,4882603.24,36694.47,59998.72,0.0,0.0,0.0,15712.59,0.0,0.0,2962200.12
2020-05-26 05:00:06.167389,0.0,557147.98,3269617.21,0.0,0.0,0.0,1433354.52,4882603.24,36694.47,59998.72,0.0,0.0,0.0,15712.59,0.0,0.0,2962200.12
2020-05-26 10:00:04.406289,0.0,557147.98,3269617.21,0.0,0.0,0.0,1433354.52,4882603.24,36694.47,59998.72,0.0,0.0,0.0,15712.59,0.0,0.0,2978563.64
2020-05-26 15:00:06.130121,0.0,557147.98,3269617.21,0.0,0.0,0.0,1433363.63,4882603.24,36694.47,59998.72,0.0,0.0,0.0,15712.59,0.0,0.0,2978563.64
2020-05-26 20:00:04.590227,0.0,557147.98,3269617.21,0.0,0.0,0.0,1433363.63,4882603.24,36694.47,59998.72,0.0,0.0,0.0,15712.59,0.0,0.0,2978563.64
2020-05-27 00:00:04.687549,0.0,557147.98,3269617.21,0.0,0.0,0.0,1433363.63,4882603.24,36694.47,59998.72,0.0,0.0,0.0,15712.59,0.0,0.0,2978563.64
2020-05-27 05:00:04.835765,0.0,557147.98,3269617.21,0.0,0.0,0.0,1433363.63,4882651.59,36694.47,59998.72,0.0,0.0,0.0,15712.59,0.0,0.0,3001414.77
2020-05-27 10:00:04.480837,0.0,557147.98,3269617.21,0.0,0.0,0.0,1433363.63,4882651.59,36694.47,59998.72,0.0,0.0,0.0,15712.59,0.0,0.0,3001414.77
2020-05-27 15:00:05.031416,0.0,557147.98,3269617.21,0.0,0.0,0.0,1530988.37,4882651.59,36694.47,59998.72,0.0,0.0,0.0,15712.59,0.0,0.0,3001414.77
2020-05-27 20:00:06.039490,0.0,557147.98,3284980.41,0.0,0.0,0.0,1530988.37,4882651.59,36694.47,59998.72,0.0,0.0,0.0,15712.59,0.0,0.0,3001414.77
2020-05-28 00:00:04.998551,0.0,557147.98,3284980.41,0.0,0.0,0.0,1530988.37,5078983.11,36694.47,59998.72,0.0,0.0,0.0,15712.59,0.0,0.0,3001414.77
2020-05-28 05:00:04.647803,0.0,557147.98,3284980.41,0.0,0.0,0.0,1554609.78,5078983.11,36694.47,59998.72,0.0,0.0,0.0,15712.59,0.0,0.0,3001414.77
2020-05-28 10:00:05.623888,0.0,557147.98,3284980.41,0.0,0.0,0.0,1554609.78,5078983.11,36694.47,59998.72,0.0,0.0,0.0,15712.59,0.0,0.0,3006986.47
2020-05-28 15:00:06.197348,0.0,557147.98,3284980.41,0.0,0.0,0.0,1554609.78,5078983.11,36694.47,59998.72,0.0,0.0,0.0,15712.59,0.0,0.0,3006986.47
2020-05-28 20:00:04.416971,0.0,557147.98,3284980.41,0.0,0.0,0.0,1554609.78,5078983.11,36694.47,59998.72,0.0,0.0,0.0,15712.59,0.0,0.0,3006986.47
2020-05-29 00:00:04.567839,0.0,557147.98,3284980.41,0.0,0.0,0.0,1554609.78,5078983.11,36694.47,59998.72,0.0,0.0,0.0,15712.59,0.0,0.0,3006986.47
2020-05-29 05:00:05.135020,0.0,557147.98,3284980.41,0.0,0.0,0.0,1554609.78,5078983.11,36694.47,59998.72,0.0,0.0,0.0,15712.59,0.0,0.0,3006986.47
2020-05-29 10:00:03.901402,0.0,557147.98,3284980.41,0.0,0.0,0.0,1554609.78,5078983.11,36694.47,59998.72,0.0,0.0,0.0,15712.59,0.0,0.0,3006986.47
2020-05-29 15:00:04.251359,0.0,557147.98,3481679.43,0.0,0.0,0.0,1554609.78,5078983.11,36694.47,59998.72,0.0,0.0,0.0,15712.59,0.0,0.0,3006986.47
2020-05-29 20:00:06.147879,0.0,557147.98,3481679.43,0.0,0.0,0.0,1554609.78,5078983.11,36694.47,59998.72,0.0,0.0,0.0,15712.59,0.0,0.0,3006986.47
2020-05-30 00:00:04.608301,0.0,557147.98,3481679.43,0.0,0.0,0.0,1554609.78,5078983.11,36694.47,59998.72,0.0,0.0,0.0,15712.59,0.0,0.0,3006986.47
2020-05-30 05:00:04.350143,0.0,557147.98,3481679.43,0.0,0.0,0.0,1554609.78,5078983.11,36694.47,59998.72,0.0,0.0,0.0,15712.59,0.0,0.0,3020458.32
2020-05-30 10:00:04.282844,0.0,557147.98,3481679.43,0.0,0.0,0.0,1554609.78,5275643.45,36694.47,59998.72,0.0,0.0,0.0,15712.59,0.0,0.0,3027650.22
2020-05-30 15:00:04.751189,0.0,557147.98,3481679.43,0.0,0.0,0.0,1554609.78,5275643.45,36694.47,59998.72,0.0,0.0,0.0,15712.59,0.0,0.0,3027650.22
2020-05-30 20:00:04.422908,0.0,557147.98,3481679.43,0.0,0.0,0.0,1554609.78,5275643.45,36694.47,59998.72,0.0,0.0,0.0,15712.59,0.0,0.0,3027650.22
2020-05-31 00:00:02.340986,0.0,557147.98,3481679.43,0.0,0.0,0.0,1554609.78,5275643.45,36694.47,59998.72,0.0,0.0,0.0,15712.59,0.0,0.0,3027650.22
2020-05-31 05:00:02.206475,0.0,557147.98,3481679.43,0.0,0.0,0.0,1713569.85,5275643.45,36694.47,59998.72,0.0,0.0,0.0,15712.59,0.0,0.0,3027650.22
2020-05-31 10:00:04.410509,0.0,557147.98,3481679.43,0.0,0.0,0.0,1713569.85,5275643.45,36694.47,59998.72,0.0,0.0,0.0,15712.59,0.0,0.0,3027650.22
2020-05-31 15:00:04.917324,0.0,557147.98,3518551.82,0.0,0.0,0.0,1713569.85,5275643.45,36694.47,59998.72,0.0,0.0,0.0,15712.59,0.0,0.0,3276517.74
2020-05-31 20:00:04.063754,0.0,557147.98,3518551.82,0.0,0.0,0.0,1713569.85,5275643.45,36694.47,59998.72,0.0,0.0,0.0,15712.59,0.0,0.0,3276517.74
2020-06-01 00:00:03.713750,0.0,557147.98,3518551.82,0.0,0.0,0.0,1713569.85,5275643.45,36694.47,59998.72,0.0,0.0,0.0,15712.59,0.0,0.0,3276517.74
2020-06-01 05:00:04.565206,0.0,557147.98,3518551.82,0.0,0.0,0.0,1713569.85,5275643.45,36694.47,59998.72,0.0,0.0,0.0,15712.59,0.0,0.0,3276517.74
2020-06-01 10:00:04.244074,0.0,557147.98,3715307.73,0.0,0.0,0.0,1713569.85,5275643.45,36694.47,59998.72,0.0,0.0,0.0,15712.59,0.0,0.0,3276517.74
2020-06-01 15:00:04.235304,0.0,557147.98,3730314.1,0.0,0.0,0.0,1713569.85,5275643.45,36694.47,59998.72,0.0,0.0,0.0,15712.59,0.0,0.0,3276517.74
2020-06-01 20:00:04.590238,0.0,557147.98,3730314.1,0.0,0.0,0.0,1713569.85,5275643.45,36694.47,59998.72,0.0,0.0,0.0,15712.59,0.0,0.0,3276517.74
2020-06-02 00:00:03.763492,0.0,557147.98,3730314.1,0.0,0.0,0.0,1713569.85,5275643.45,36694.47,59998.72,0.0,0.0,0.0,15712.59,0.0,0.0,3276517.74
2020-06-02 05:00:04.109769,0.0,557147.98,3730314.1,0.0,0.0,0.0,1713569.85,5471696.21,36694.47,59998.72,0.0,0.0,0.0,15712.59,0.0,0.0,3276517.74
2020-06-02 10:00:04.249289,0.0,557147.98,3730314.1,0.0,0.0,0.0,1713569.85,5471696.21,36694.47,59998.72,0.0,0.0,0.0,15712.59,0.0,0.0,3276517.74
2020-06-02 15:00:03.853120,0.0,557147.98,3730314.1,0.0,0.0,0.0,1713569.85,5471696.21,36694.47,59998.72,0.0,0.0,0.0,15712.59,0.0,0.0,3276517.74
2020-06-02 20:00:05.358666,0.0,557147.98,3730314.1,0.0,0.0,0.0,1713569.85,5471696.21,36694.47,59998.72,0.0,0.0,0.0,15712.59,0.0,0.0,3276517.74
2020-06-03 00:00:03.936400,0.0,557147.98,3730314.1,0.0,0.0,0.0,1713569.85,5766658.84,36694.47,59998.72,0.0,0.0,0.0,15712.59,0.0,0.0,3276517.74
2020-06-03 05:00:06.007795,0.0,557147.98,3730314.1,0.0,0.0,0.0,1713569.85,5766658.84,36694.47,59998.72,0.0,0.0,0.0,15712.59,0.0,0.0,3276517.74
2020-06-03 10:00:04.664439,0.0,557147.98,3730314.1,0.0,0.0,0.0,1713569.85,5766658.84,36694.47,59998.72,0.0,0.0,0.0,15712.59,0.0,0.0,3473264.55
2020-06-03 15:00:04.537256,0.0,557147.98,3730314.1,0.0,0.0,0.0,1713569.85,5766658.84,36694.47,59998.72,0.0,0.0,0.0,15712.59,0.0,0.0,3473264.55
2020-06-03 20:00:04.848594,0.0,557147.98,3730314.1,0.0,0.0,0.0,1713569.85,5766658.84,36694.47,59998.72,0.0,0.0,0.0,15712.59,0.0,0.0,3473264.55
2020-06-04 00:00:04.289817,0.0,557147.98,3730314.1,0.0,0.0,0.0,1713569.85,5766658.84,36694.47,59998.72,0.0,0.0,0.0,15712.59,0.0,0.0,3473264.55
2020-06-04 05:00:04.982278,0.0,557147.98,3926981.26,0.0,0.0,0.0,1713569.85,5766658.84,36694.47,59998.72,0.0,0.0,0.0,15712.59,0.0,0.0,3473264.55
2020-06-04 10:00:05.295214,0.0,557147.98,3926981.26,0.0,0.0,0.0,1713569.85,5766658.84,36694.47,59998.72,0.0,0.0,0.0,15712.59,0.0,0.0,3473264.55
2020-06-04 15:00:04.110329,0.0,557147.98,3926981.26,0.0,0.0,0.0,1713569.85,5766658.84,36694.47,59998.72,0.0,0.0,0.0,15712.59,0.0,0.0,3571595.85
2020-06-04 20:00:04.131485,0.0,557147.98,3926981.26,0.0,0.0,0.0,1713569.85,5766658.84,36694.47,59998.72,0.0,0.0,0.0,15712.59,0.0,0.0,3571595.85
2020-06-05 00:00:04.365375,0.0,557147.98,3926981.26,0.0,0.0,0.0,1713569.85,5766658.84,36694.47,59998.72,0.0,0.0,0.0,15712.59,0.0,0.0,3571595.85
2020-06-05 05:00:05.923286,0.0,557147.98,3926981.26,0.0,0.0,0.0,1713569.85,5766658.84,36694.47,59998.72,0.0,0.0,0.0,15712.59,0.0,0.0,3571595.85
2020-06-05 10:00:04.517545,0.0,559304.25,3926981.26,0.0,0.0,0.0,1713569.85,5963134.86,36694.47,59998.72,0.0,0.0,0.0,15712.59,0.0,0.0,3701663.2
2020-06-05 15:00:04.454952,0.0,559304.25,3926981.26,0.0,0.0,0.0,1713569.85,5963134.86,36694.47,59998.72,0.0,0.0,0.0,15712.59,0.0,0.0,3701663.2
2020-06-05 20:00:05.157239,0.0,559304.25,3926981.26,0.0,0.0,0.0,1713569.85,5963134.86,36694.47,59998.72,0.0,0.0,0.0,15712.59,0.0,0.0,3701663.2
2020-06-06 00:00:04.970439,0.0,559304.25,3926981.26,0.0,0.0,0.0,1713569.85,5963134.86,36694.47,59998.72,0.0,0.0,0.0,15712.59,0.0,0.0,3701663.2
2020-06-06 05:00:04.804362,0.0,559304.25,3926981.26,0.0,0.0,0.0,1713569.85,5963134.86,36694.47,59998.72,0.0,0.0,0.0,15712.59,0.0,0.0,3701663.2
2020-06-06 10:00:06.370937,0.0,559304.25,3926981.26,0.0,0.0,0.0,1713569.85,5963134.86,36694.47,59998.72,0.0,0.0,0.0,15712.59,0.0,0.0,3701663.2
2020-06-06 15:00:04.181328,0.0,559304.25,3926981.26,0.0,0.0,0.0,1713569.85,5963134.86,36694.47,59998.72,0.0,0.0,0.0,15712.59,0.0,0.0,3701663.2
2020-06-06 20:00:04.551413,0.0,559304.25,3963847.54,0.0,0.0,0.0,1713569.85,5963134.86,36694.47,59998.72,0.0,0.0,0.0,15712.59,0.0,0.0,3701663.2
2020-06-07 00:00:04.370044,0.0,559304.25,3963847.54,0.0,0.0,0.0,1713569.85,5963134.86,36694.47,59998.72,0.0,0.0,0.0,15712.59,0.0,0.0,3701663.2
2020-06-07 05:00:04.128828,0.0,559304.25,3963847.54,0.0,0.0,0.0,1713569.85,5963134.86,36694.47,59998.72,0.0,0.0,0.0,15712.59,0.0,0.0,3701663.2
2020-06-07 10:00:04.242268,0.0,559304.25,4160490.81,0.0,0.0,0.0,1713569.85,6159691.66,36694.47,59998.72,0.0,0.0,0.0,15712.59,0.0,0.0,3701663.2
2020-06-07 15:00:02.754955,0.0,559304.25,4178603.52,0.0,0.0,0.0,1713569.85,6159691.66,36694.47,59998.72,0.0,0.0,0.0,15712.59,0.0,0.0,3719418.22
2020-06-07 20:00:02.792522,0.0,559304.25,4178603.52,0.0,0.0,0.0,1713569.85,6159691.66,36694.47,59998.72,0.0,0.0,0.0,15712.59,0.0,0.0,3719418.22
2020-06-08 00:00:03.775672,0.0,559304.25,4178603.52,0.0,0.0,0.0,1713569.85,6159691.66,36694.47,59998.72,0.0,0.0,0.0,15712.59,0.0,0.0,3719418.22
2020-06-08 05:00:05.182262,0.0,559304.25,4178603.52,0.0,0.0,0.0,1713569.85,6208981.33,36694.47,59998.72,0.0,0.0,0.0,15712.59,0.0,0.0,3719418.22
2020-06-08 10:00:03.983928,0.0,559304.25,4178603.52,0.0,0.0,0.0,1713569.85,6208981.33,36694.47,59998.72,0.0,0.0,0.0,15712.59,0.0,0.0,3719418.22
2020-06-08 15:00:04.293156,0.0,559304.25,4193607.89,0.0,0.0,0.0,1713569.85,6208981.33,36694.47,59998.72,0.0,0.0,0.0,15712.59,0.0,0.0,3719418.22
2020-06-08 20:00:03.683340,0.0,559304.25,4193607.89,0.0,0.0,0.0,1713569.85,6208981.33,36694.47,59998.72,0.0,0.0,0.0,15712.59,0.0,0.0,3968286.22
2020-06-09 00:00:05.210479,0.0,559304.25,4196935.36,0.0,0.0,0.0,1713569.85,6208981.33,36694.47,59998.72,0.0,0.0,0.0,15712.59,0.0,0.0,4034155.59
2020-06-09 05:00:05.748772,0.0,559304.25,4196935.36,0.0,0.0,0.0,1713569.85,6208981.33,36694.47,59998.72,0.0,0.0,0.0,15712.59,0.0,0.0,4034155.59
2020-06-09 10:00:03.880124,0.0,559304.25,4196935.36,0.0,0.0,0.0,1713569.85,6405573.4,36694.47,59998.72,0.0,0.0,0.0,15712.59,0.0,0.0,4036904.46
2020-06-09 15:00:03.888081,0.0,559304.25,4196935.36,0.0,0.0,0.0,1713569.85,6405573.4,36694.47,59998.72,0.0,0.0,0.0,15712.59,0.0,0.0,4036904.46
2020-06-09 20:00:04.120076,0.0,559304.25,4196935.36,0.0,0.0,0.0,1713569.85,6405573.4,36694.47,59998.72,0.0,0.0,0.0,15712.59,0.0,0.0,4036904.46
2020-06-10 00:00:04.004995,0.0,559304.25,4196935.36,0.0,0.0,0.0,1713569.85,6405573.4,36694.47,59998.72,0.0,0.0,0.0,15712.59,0.0,0.0,4036904.46
2020-06-10 05:00:04.377678,0.0,559304.25,4196935.36,0.0,0.0,0.0,1713569.85,6405573.4,36694.47,59998.72,0.0,0.0,0.0,15712.59,0.0,0.0,4036904.46
2020-06-10 10:00:03.723231,0.0,559304.25,4196935.36,0.0,0.0,0.0,1713569.85,6405573.4,36694.47,59998.72,0.0,0.0,0.0,15712.59,0.0,0.0,4036904.46
2020-06-10 15:00:04.388113,0.0,559304.25,4196935.36,0.0,0.0,0.0,1713569.85,6405573.4,36694.47,59998.72,0.0,0.0,0.0,15712.59,0.0,0.0,4036904.46
2020-06-10 20:00:03.951867,0.0,559304.25,4196935.36,0.0,0.0,0.0,1713569.85,6405573.4,36694.47,59998.72,0.0,0.0,0.0,15712.59,0.0,0.0,4036904.46
2020-06-11 00:00:04.399662,0.0,559304.25,4393626.42,0.0,0.0,0.0,1713569.85,6405573.4,36694.47,59998.72,0.0,0.0,0.0,15712.59,0.0,0.0,4036926.08
2020-06-11 05:00:04.421536,0.0,559304.25,4393626.42,0.0,0.0,0.0,1713569.85,6405573.4,36694.47,59998.72,0.0,0.0,0.0,15712.59,0.0,0.0,4036926.08
2020-06-11 10:00:04.723903,0.0,651503.08,4393626.42,0.0,0.0,0.0,1713569.85,6601613.65,36694.47,59998.72,0.0,0.0,0.0,15712.59,0.0,0.0,4036926.08
2020-06-11 15:00:03.745553,0.0,651503.08,4393626.42,0.0,0.0,0.0,1713569.85,6601613.65,36694.47,59998.72,0.0,0.0,0.0,15712.59,0.0,0.0,4039678.36
2020-06-11 20:00:04.146395,0.0,651503.08,4393626.42,0.0,0.0,0.0,1713569.85,6601613.65,36694.47,59998.72,0.0,0.0,0.0,15712.59,0.0,0.0,4039678.36
2020-06-12 00:00:04.055114,0.0,651503.08,4393626.42,0.0,0.0,0.0,1713569.85,6601613.65,36694.47,59998.72,0.0,0.0,0.0,15712.59,0.0,0.0,4039678.36
2020-06-12 05:00:04.625190,0.0,651503.08,4393626.42,0.0,0.0,0.0,1713569.85,6601613.65,36694.47,59998.72,0.0,0.0,0.0,15712.59,0.0,0.0,4039678.36
2020-06-12 10:00:02.338137,0.0,651503.08,4393626.42,0.0,0.0,0.0,1713569.85,6601613.65,36694.47,59998.72,0.0,0.0,0.0,15712.59,0.0,0.0,4039678.36
2020-06-12 15:00:03.980473,0.0,651503.08,4393626.42,0.0,0.0,0.0,1713569.85,6601613.65,36694.47,59998.72,0.0,0.0,0.0,15712.59,0.0,0.0,4162912.78
2020-06-12 20:00:04.677264,0.0,651503.08,4393626.42,0.0,0.0,0.0,1713569.85,6601613.65,36694.47,59998.72,0.0,0.0,0.0,15712.59,0.0,0.0,4162912.78
2020-06-13 00:00:04.057035,0.0,657409.4,4590307.24,0.0,0.0,0.0,1713569.85,6601613.65,36694.47,59998.72,0.0,0.0,0.0,15712.59,0.0,0.0,4162912.78
2020-06-13 05:00:04.472809,0.0,657409.4,4590307.24,0.0,0.0,0.0,1713569.85,6601613.65,36694.47,59998.72,0.0,0.0,0.0,15712.59,0.0,0.0,4162912.78
2020-06-13 10:00:03.989182,0.0,657409.4,4590307.24,0.0,0.0,0.0,1713569.85,6601613.65,36694.47,59998.72,0.0,0.0,0.0,15712.59,0.0,0.0,4162912.78
2020-06-13 15:00:02.537418,0.0,657409.4,4590307.24,0.0,0.0,0.0,1713569.85,6797682.35,36694.47,59998.72,0.0,0.0,0.0,15712.59,0.0,0.0,4162912.78
2020-06-13 20:00:02.001269,0.0,657409.4,4590307.24,0.0,0.0,0.0,1713569.85,6797682.35,36694.47,59998.72,0.0,0.0,0.0,15712.59,0.0,0.0,4249553.42
2020-06-14 00:00:03.618025,0.0,657409.4,4590307.24,0.0,0.0,0.0,1713569.85,6797682.35,36694.47,59998.72,0.0,0.0,0.0,15712.59,0.0,0.0,4249699.05
2020-06-14 05:00:03.950317,0.0,657409.4,4590307.24,0.0,0.0,0.0,1713569.85,6797682.35,36694.47,59998.72,0.0,0.0,0.0,15712.59,0.0,0.0,4249699.05
2020-06-14 10:00:02.966727,0.0,657409.4,4590307.24,0.0,0.0,0.0,1713569.85,6797682.35,36694.47,59998.72,0.0,0.0,0.0,15712.59,0.0,0.0,4249699.05
2020-06-14 15:00:03.959046,0.0,657409.4,4590307.24,0.0,0.0,0.0,1713569.85,6797682.35,36694.47,59998.72,0.0,0.0,0.0,15712.59,0.0,0.0,4314215.6
2020-06-14 20:00:03.604554,0.0,657409.4,4590307.24,0.0,0.0,0.0,1713569.85,6797682.35,36694.47,59998.72,0.0,0.0,0.0,15712.59,0.0,0.0,4314215.6
2020-06-15 00:00:03.659187,0.0,691224.36,4645617.53,0.0,0.0,0.0,1713569.85,6797682.35,36694.47,59998.72,0.0,0.0,0.0,15712.59,0.0,0.0,4315285.12
2020-06-15 05:00:04.486905,0.0,691224.36,4645617.53,0.0,0.0,0.0,1713569.85,6797682.35,36694.47,59998.72,0.0,0.0,0.0,15712.59,0.0,0.0,4318690.48
2020-06-15 10:00:03.927815,0.0,707064.15,4645617.53,0.0,0.0,0.0,1713569.85,6797682.35,36694.47,59998.72,0.0,0.0,0.0,15712.59,0.0,0.0,4318690.48
2020-06-15 15:00:04.425761,0.0,707064.15,4645617.53,0.0,0.0,0.0,1713569.85,6993722.6,36694.47,59998.72,0.0,0.0,0.0,15712.59,0.0,0.0,4318690.48
2020-06-15 20:00:03.624416,0.0,707064.15,4645617.53,0.0,0.0,0.0,1713569.85,6993722.6,36694.47,59998.72,0.0,0.0,0.0,15712.59,0.0,0.0,4318690.48
2020-06-16 00:00:03.321295,0.0,707064.15,4645617.53,0.0,0.0,0.0,1713569.85,6993722.6,36694.47,59998.72,0.0,0.0,0.0,15712.59,0.0,0.0,4321439.36
2020-06-16 05:00:04.308566,0.0,707064.15,4645617.53,0.0,0.0,0.0,1713569.85,6993722.6,36694.47,59998.72,0.0,0.0,0.0,15712.59,0.0,0.0,4321439.36
2020-06-16 10:00:04.387029,0.0,707064.15,4645617.53,0.0,0.0,0.0,1713569.85,6993722.6,36694.47,59998.72,0.0,0.0,0.0,15712.59,0.0,0.0,4321439.36
2020-06-16 15:00:03.685097,0.0,707064.15,4645617.53,0.0,0.0,0.0,1713569.85,6993722.6,36694.47,59998.72,0.0,0.0,0.0,15712.59,0.0,0.0,4374219.73
2020-06-16 20:00:04.049483,0.0,707064.15,4645617.53,0.0,0.0,0.0,1713569.85,6993722.6,36694.47,59998.72,0.0,0.0,0.0,15712.59,0.0,0.0,4374219.73
2020-06-17 00:00:05.075318,0.0,707064.15,4645617.53,0.0,0.0,0.0,1713569.85,6993722.6,36694.47,59998.72,0.0,0.0,0.0,15712.59,0.0,0.0,4374219.73
2020-06-17 05:00:04.139412,0.0,707064.15,4645617.53,0.0,0.0,0.0,1713569.85,6993722.6,36694.47,59998.72,0.0,0.0,0.0,15712.59,0.0,0.0,4374219.73
2020-06-17 10:00:04.252636,0.0,707064.15,4645617.53,0.0,0.0,0.0,1713569.85,6993722.6,36694.47,59998.72,0.0,0.0,0.0,15712.59,0.0,0.0,4374219.73
2020-06-17 15:00:02.436994,0.0,707120.04,4645617.53,0.0,0.0,0.0,1713569.85,7189882.31,36694.47,59998.72,0.0,0.0,0.0,15712.59,0.0,0.0,4415780.48
2020-06-17 20:00:03.749748,0.0,707120.04,4645617.53,0.0,0.0,0.0,1713569.85,7189882.31,36694.47,59998.72,0.0,0.0,0.0,15712.59,0.0,0.0,4415780.48
2020-06-18 00:00:03.626688,0.0,707120.04,4645617.53,0.0,0.0,0.0,1713569.85,7189882.31,36694.47,59998.72,0.0,0.0,0.0,15712.59,0.0,0.0,4415780.48
2020-06-18 05:00:04.007439,0.0,707120.04,4645617.53,0.0,0.0,0.0,1713569.85,7484833.56,36694.47,59998.72,0.0,0.0,0.0,15712.59,0.0,0.0,4415780.48
2020-06-18 10:00:04.216434,0.0,707120.04,4645617.53,0.0,0.0,0.0,1713569.85,7484833.56,36694.47,59998.72,0.0,0.0,0.0,15712.59,0.0,0.0,4415780.48
2020-06-18 15:00:04.682579,0.0,707120.04,4645617.53,0.0,0.0,0.0,1713569.85,7484833.56,36694.47,59998.72,0.0,0.0,0.0,15712.59,0.0,0.0,4415780.48
2020-06-18 20:00:03.290452,0.0,707120.04,4842348.41,0.0,0.0,0.0,1713569.85,7484833.56,36694.47,59998.72,0.0,0.0,0.0,15712.59,0.0,0.0,4415780.48
2020-06-19 00:00:04.150738,0.0,707120.04,4842348.41,0.0,0.0,0.0,1713569.85,7484833.56,36694.47,59998.72,0.0,0.0,0.0,15712.59,0.0,0.0,4415780.48
2020-06-19 05:00:03.923094,0.0,707120.04,4842348.41,0.0,0.0,0.0,1713569.85,7484833.56,36694.47,59998.72,0.0,0.0,0.0,15712.59,0.0,0.0,4447155.84
2020-06-19 10:00:03.372447,0.0,707120.04,4842348.41,0.0,0.0,0.0,1713569.85,7484833.56,36694.47,59998.72,0.0,0.0,0.0,15712.59,0.0,0.0,4448950.11
2020-06-19 15:00:04.842735,0.0,707120.04,4842348.41,0.0,0.0,0.0,1713569.85,7680918.19,36694.47,59998.72,0.0,0.0,0.0,15712.59,0.0,0.0,4448950.11
2020-06-19 20:00:03.557075,0.0,707120.04,4842348.41,0.0,0.0,0.0,1713569.85,7680918.19,36694.47,59998.72,0.0,0.0,0.0,15712.59,0.0,0.0,4448950.11
2020-06-20 00:00:03.583911,0.0,707120.04,4842348.41,0.0,0.0,0.0,1713569.85,7729775.5,36705.85,59998.72,0.0,0.0,0.0,15712.59,0.0,0.0,4451714.91
2020-06-20 05:00:04.068825,0.0,707120.04,4842348.41,0.0,0.0,0.0,1713569.85,7729775.5,36705.85,59998.72,0.0,0.0,0.0,15712.59,0.0,0.0,4451714.91
2020-06-20 10:00:04.194286,0.0,707120.04,4842348.41,0.0,0.0,0.0,1713569.85,7778487.18,36705.85,59998.72,0.0,0.0,0.0,15712.59,0.0,0.0,4451714.91
2020-06-20 15:00:03.779849,0.0,707120.04,4842348.41,0.0,0.0,0.0,1713569.85,7778487.18,36705.85,59998.72,0.0,0.0,0.0,15712.59,0.0,0.0,4451714.91
2020-06-20 20:00:04.072978,0.0,707120.04,4842348.41,0.0,0.0,0.0,1713569.85,7778487.18,36705.85,59998.72,0.0,0.0,0.0,15712.59,0.0,0.0,4451714.91
2020-06-21 00:00:04.049526,0.0,707120.04,4897649.74,0.0,0.0,0.0,1713569.85,7778487.18,36705.85,59998.72,0.0,0.0,0.0,15712.59,0.0,0.0,4451714.91
2020-06-21 05:00:04.511787,0.0,707120.04,4897649.74,0.0,0.0,0.0,1713569.85,7778487.18,36705.85,59998.72,0.0,0.0,0.0,15712.59,0.0,0.0,4451714.91
2020-06-21 10:00:04.195295,0.0,707120.04,4897649.74,0.0,0.0,0.0,1713569.85,7778487.18,36705.85,59998.72,0.0,0.0,0.0,15712.59,0.0,0.0,4451714.91
2020-06-21 15:00:04.281277,0.0,707120.04,4897649.74,0.0,0.0,0.0,1713569.85,7982934.47,38892.66,59998.72,0.0,0.0,0.0,15712.59,0.0,0.0,4451734.25
2020-06-21 20:00:04.190840,0.0,707120.04,4897649.74,0.0,0.0,0.0,1713569.85,7982934.47,38892.66,59998.72,0.0,0.0,0.0,15712.59,0.0,0.0,4451734.25
2020-06-22 00:00:04.210730,0.0,707120.04,4897649.74,0.0,0.0,0.0,1713569.85,7982934.47,38892.66,59998.72,0.0,0.0,0.0,15712.59,0.0,0.0,4451734.25
2020-06-22 05:00:04.615821,0.0,707120.04,4897649.74,0.0,0.0,0.0,1713569.85,7982934.47,38892.66,59998.72,0.0,0.0,0.0,15712.59,0.0,0.0,4451734.25
2020-06-22 10:00:03.936746,0.0,707120.04,4897649.74,0.0,0.0,0.0,1713569.85,7982934.47,38892.66,59998.72,0.0,0.0,0.0,15712.59,0.0,0.0,4648448.07
2020-06-22 15:00:04.230064,0.0,709982.99,4897649.74,0.0,0.0,0.0,1713569.85,7982934.47,39838.15,59998.72,0.0,0.0,0.0,15712.59,0.0,0.0,4648458.31
2020-06-22 20:00:03.841675,0.0,709982.99,4897649.74,0.0,0.0,0.0,1713569.85,7982934.47,39838.15,59998.72,0.0,0.0,0.0,15712.59,0.0,0.0,4648458.31
2020-06-23 00:00:04.363601,0.0,709982.99,4897649.74,0.0,0.0,0.0,1713569.85,7982934.47,39838.15,59998.72,0.0,0.0,0.0,15712.59,0.0,0.0,4648458.31
2020-06-23 05:00:05.284966,0.0,709982.99,4897649.74,0.0,0.0,0.0,1713569.85,8031749.69,39838.15,59998.72,0.0,0.0,0.0,15712.59,0.0,0.0,4648458.31
2020-06-23 10:00:05.192296,0.0,709982.99,4897649.74,0.0,0.0,0.0,1713569.85,8031749.69,39838.15,59998.72,0.0,0.0,0.0,15712.59,0.0,0.0,4648458.31
2020-06-23 15:00:07.439852,0.0,709982.99,4897649.74,0.0,0.0,0.0,1713569.85,8227785.39,39838.15,59998.72,0.0,0.0,0.0,15712.59,0.0,0.0,4787211.44
2020-06-23 20:00:05.462142,0.0,709982.99,4897649.74,0.0,0.0,0.0,1713569.85,8227785.39,39838.15,59998.72,0.0,0.0,0.0,15712.59,0.0,0.0,4787211.44
2020-06-24 00:00:04.788891,0.0,709982.99,4897649.74,0.0,0.0,0.0,1713569.85,8227785.39,39838.15,59998.72,0.0,0.0,0.0,15712.59,0.0,0.0,4787211.44
2020-06-24 05:00:05.043134,0.0,709982.99,4897649.74,0.0,0.0,0.0,1713569.85,8276503.89,39838.15,59998.72,0.0,0.0,0.0,15712.59,0.0,0.0,4787211.44
2020-06-24 10:00:06.574498,0.0,709982.99,4897649.74,0.0,0.0,0.0,1713569.85,8276503.89,39838.15,59998.72,0.0,0.0,0.0,15712.59,0.0,0.0,4787211.44
2020-06-24 15:00:07.119737,0.0,709982.99,4897649.74,0.0,0.0,0.0,1713569.85,8323739.88,40713.1,59998.72,0.0,0.0,0.0,15712.59,0.0,0.0,4787211.44
